{
    "x": 147.6400146484375,
    "y": 87.39999389648438,
    "z": 0.0
}